Country or Area,M49 Code,ISO-alpha2 Code,ISO-alpha3 Code,Aggregates
Algeria,12,DZ,DZA,Africa
Algeria,12,DZ,DZA,Northern Africa
Algeria,12,DZ,DZA,Northern Africa
Algeria,12,DZ,DZA,Arab states
Algeria,12,DZ,DZA,Lower middle income
Algeria,12,DZ,DZA,Transit countries
Algeria,12,DZ,DZA,Northern Africa
Algeria,12,DZ,DZA,Oil Exporting
Aruba,533,AW,ABW,Americas
Aruba,533,AW,ABW,Latin America and the Caribbean
Aruba,533,AW,ABW,Caribbean
Aruba,533,AW,ABW,Small Island Developing States (SIDS)
Aruba,533,AW,ABW,High income
Egypt,818,EG,EGY,Africa
Egypt,818,EG,EGY,Northern Africa
Egypt,818,EG,EGY,Northern Africa
Egypt,818,EG,EGY,Arab states
Egypt,818,EG,EGY,Lower middle income
Egypt,818,EG,EGY,Northern Africa
Egypt,818,EG,EGY,Oil Exporting
Afghanistan,4,AF,AFG,Asia
Afghanistan,4,AF,AFG,Southern Asia
Afghanistan,4,AF,AFG,Least Developed Countries (LDC)
Afghanistan,4,AF,AFG,Land Locked Developing Countries (LLDC)
Afghanistan,4,AF,AFG,Fragile and Conflict-Affected Situations 
Afghanistan,4,AF,AFG,HIPC
Afghanistan,4,AF,AFG,Low income
Libya,434,LY,LBY,Africa
Libya,434,LY,LBY,Northern Africa
Libya,434,LY,LBY,Northern Africa
Libya,434,LY,LBY,Arab states
Libya,434,LY,LBY,Fragile and Conflict-Affected Situations 
Libya,434,LY,LBY,Upper middle income
Libya,434,LY,LBY,Northern Africa
Libya,434,LY,LBY,Oil Exporting
Angola,24,AO,AGO,Africa
Angola,24,AO,AGO,Sub-Saharan Africa
Angola,24,AO,AGO,Middle Africa
Angola,24,AO,AGO,Least Developed Countries (LDC)
Angola,24,AO,AGO,Lower middle income
Angola,24,AO,AGO,Transit countries
Angola,24,AO,AGO,Southern Africa
Angola,24,AO,AGO,Oil Exporting
Morocco,504,MA,MAR,Africa
Morocco,504,MA,MAR,Northern Africa
Morocco,504,MA,MAR,Northern Africa
Morocco,504,MA,MAR,Arab states
Morocco,504,MA,MAR,Lower middle income
Morocco,504,MA,MAR,Northern Africa
Albania,8,AL,ALB,Europe
Albania,8,AL,ALB,Southern Europe
Albania,8,AL,ALB,Upper middle income
Albania,8,AL,ALB,Oil Exporting
Sudan,729,SD,SDN,Africa
Sudan,729,SD,SDN,Northern Africa
Sudan,729,SD,SDN,Northern Africa
Sudan,729,SD,SDN,Least Developed Countries (LDC)
Sudan,729,SD,SDN,Arab states
Sudan,729,SD,SDN,Fragile and Conflict-Affected Situations 
Sudan,729,SD,SDN,HIPC
Sudan,729,SD,SDN,Low income
Sudan,729,SD,SDN,East Africa
Sudan,729,SD,SDN,Oil Exporting
Andorra,20,AD,AND,Europe
Andorra,20,AD,AND,Southern Europe
Andorra,20,AD,AND,High income
Tunisia,788,TN,TUN,Africa
Tunisia,788,TN,TUN,Northern Africa
Tunisia,788,TN,TUN,Northern Africa
Tunisia,788,TN,TUN,Arab states
Tunisia,788,TN,TUN,Lower middle income
Tunisia,788,TN,TUN,Northern Africa
Tunisia,788,TN,TUN,Oil Exporting
Canada,124,CA,CAN,Americas
Canada,124,CA,CAN,Northern America
Canada,124,CA,CAN,High income
Canada,124,CA,CAN,OECD member
Canada,124,CA,CAN,Oil Exporting
Burundi,108,BI,BDI,Africa
Burundi,108,BI,BDI,Sub-Saharan Africa
Burundi,108,BI,BDI,Eastern Africa
Burundi,108,BI,BDI,Least Developed Countries (LDC)
Burundi,108,BI,BDI,Land Locked Developing Countries (LLDC)
Burundi,108,BI,BDI,Fragile and Conflict-Affected Situations 
Burundi,108,BI,BDI,HIPC
Burundi,108,BI,BDI,Low income
Burundi,108,BI,BDI,Central Africa
United Arab Emirates,784,AE,ARE,Asia
United Arab Emirates,784,AE,ARE,Western Asia
United Arab Emirates,784,AE,ARE,Arab states
United Arab Emirates,784,AE,ARE,High income
United Arab Emirates,784,AE,ARE,Oil Exporting
Comoros,174,KM,COM,Africa
Comoros,174,KM,COM,Sub-Saharan Africa
Comoros,174,KM,COM,Eastern Africa
Comoros,174,KM,COM,Least Developed Countries (LDC)
Comoros,174,KM,COM,Small Island Developing States (SIDS)
Comoros,174,KM,COM,Arab states
Comoros,174,KM,COM,Fragile and Conflict-Affected Situations 
Comoros,174,KM,COM,HIPC
Comoros,174,KM,COM,Lower middle income
Comoros,174,KM,COM,Small_state
Comoros,174,KM,COM,East Africa
Argentina,32,AR,ARG,Americas
Argentina,32,AR,ARG,Latin America and the Caribbean
Argentina,32,AR,ARG,South America
Argentina,32,AR,ARG,Transit countries
Argentina,32,AR,ARG,Upper middle income
Argentina,32,AR,ARG,Oil Exporting
Djibouti,262,DJ,DJI,Africa
Djibouti,262,DJ,DJI,Sub-Saharan Africa
Djibouti,262,DJ,DJI,Eastern Africa
Djibouti,262,DJ,DJI,Least Developed Countries (LDC)
Djibouti,262,DJ,DJI,Arab states
Djibouti,262,DJ,DJI,Lower middle income
Djibouti,262,DJ,DJI,Small_state
Djibouti,262,DJ,DJI,Transit countries
Djibouti,262,DJ,DJI,East Africa
Armenia,51,AM,ARM,Asia
Armenia,51,AM,ARM,Western Asia
Armenia,51,AM,ARM,Land Locked Developing Countries (LLDC)
Armenia,51,AM,ARM,Fragile and Conflict-Affected Situations 
Armenia,51,AM,ARM,Upper middle income
Eritrea,232,ER,ERI,Africa
Eritrea,232,ER,ERI,Sub-Saharan Africa
Eritrea,232,ER,ERI,Eastern Africa
Eritrea,232,ER,ERI,Least Developed Countries (LDC)
Eritrea,232,ER,ERI,Fragile and Conflict-Affected Situations 
Eritrea,232,ER,ERI,HIPC
Eritrea,232,ER,ERI,Low income
Eritrea,232,ER,ERI,Transit countries
Eritrea,232,ER,ERI,East Africa
Ethiopia,231,ET,ETH,Africa
Ethiopia,231,ET,ETH,Sub-Saharan Africa
Ethiopia,231,ET,ETH,Eastern Africa
Ethiopia,231,ET,ETH,Least Developed Countries (LDC)
Ethiopia,231,ET,ETH,Land Locked Developing Countries (LLDC)
Ethiopia,231,ET,ETH,Fragile and Conflict-Affected Situations 
Ethiopia,231,ET,ETH,HIPC
Ethiopia,231,ET,ETH,Low income
Ethiopia,231,ET,ETH,East Africa
Antigua and Barbuda,28,AG,ATG,Americas
Antigua and Barbuda,28,AG,ATG,Latin America and the Caribbean
Antigua and Barbuda,28,AG,ATG,Caribbean
Antigua and Barbuda,28,AG,ATG,Small Island Developing States (SIDS)
Antigua and Barbuda,28,AG,ATG,High income
Antigua and Barbuda,28,AG,ATG,Small_state
Kenya,404,KE,KEN,Africa
Kenya,404,KE,KEN,Sub-Saharan Africa
Kenya,404,KE,KEN,Eastern Africa
Kenya,404,KE,KEN,Lower middle income
Kenya,404,KE,KEN,Transit countries
Kenya,404,KE,KEN,East Africa
Brazil,76,BR,BRA,Americas
Brazil,76,BR,BRA,Latin America and the Caribbean
Brazil,76,BR,BRA,South America
Brazil,76,BR,BRA,Transit countries
Brazil,76,BR,BRA,Upper middle income
Brazil,76,BR,BRA,Oil Exporting
Madagascar,450,MG,MDG,Africa
Madagascar,450,MG,MDG,Sub-Saharan Africa
Madagascar,450,MG,MDG,Eastern Africa
Madagascar,450,MG,MDG,Least Developed Countries (LDC)
Madagascar,450,MG,MDG,HIPC
Madagascar,450,MG,MDG,Low income
Madagascar,450,MG,MDG,East Africa
Australia,36,AU,AUS,Oceania
Australia,36,AU,AUS,Australia and New Zealand
Australia,36,AU,AUS,High income
Australia,36,AU,AUS,OECD member
Australia,36,AU,AUS,Oil Exporting
Malawi,454,MW,MWI,Africa
Malawi,454,MW,MWI,Sub-Saharan Africa
Malawi,454,MW,MWI,Eastern Africa
Malawi,454,MW,MWI,Least Developed Countries (LDC)
Malawi,454,MW,MWI,Land Locked Developing Countries (LLDC)
Malawi,454,MW,MWI,HIPC
Malawi,454,MW,MWI,Low income
Malawi,454,MW,MWI,Southern Africa
Austria,40,AT,AUT,Europe
Austria,40,AT,AUT,Western Europe
Austria,40,AT,AUT,High income
Austria,40,AT,AUT,OECD member
Mauritius,480,MU,MUS,Africa
Mauritius,480,MU,MUS,Sub-Saharan Africa
Mauritius,480,MU,MUS,Eastern Africa
Mauritius,480,MU,MUS,Small Island Developing States (SIDS)
Mauritius,480,MU,MUS,Small_state
Mauritius,480,MU,MUS,Upper middle income
Mauritius,480,MU,MUS,East Africa
Azerbaijan,31,AZ,AZE,Asia
Azerbaijan,31,AZ,AZE,Western Asia
Azerbaijan,31,AZ,AZE,Land Locked Developing Countries (LLDC)
Azerbaijan,31,AZ,AZE,Fragile and Conflict-Affected Situations 
Azerbaijan,31,AZ,AZE,Upper middle income
Azerbaijan,31,AZ,AZE,Oil Exporting
Mozambique,508,MZ,MOZ,Africa
Mozambique,508,MZ,MOZ,Sub-Saharan Africa
Mozambique,508,MZ,MOZ,Eastern Africa
Mozambique,508,MZ,MOZ,Least Developed Countries (LDC)
Mozambique,508,MZ,MOZ,Fragile and Conflict-Affected Situations 
Mozambique,508,MZ,MOZ,HIPC
Mozambique,508,MZ,MOZ,Low income
Mozambique,508,MZ,MOZ,Transit countries
Mozambique,508,MZ,MOZ,Southern Africa
Rwanda,646,RW,RWA,Africa
Rwanda,646,RW,RWA,Sub-Saharan Africa
Rwanda,646,RW,RWA,Eastern Africa
Rwanda,646,RW,RWA,Least Developed Countries (LDC)
Rwanda,646,RW,RWA,Land Locked Developing Countries (LLDC)
Rwanda,646,RW,RWA,HIPC
Rwanda,646,RW,RWA,Low income
Rwanda,646,RW,RWA,East Africa
Belgium,56,BE,BEL,Europe
Belgium,56,BE,BEL,Western Europe
Belgium,56,BE,BEL,High income
Belgium,56,BE,BEL,OECD member
Seychelles,690,SC,SYC,Africa
Seychelles,690,SC,SYC,Sub-Saharan Africa
Seychelles,690,SC,SYC,Eastern Africa
Seychelles,690,SC,SYC,Small Island Developing States (SIDS)
Seychelles,690,SC,SYC,High income
Seychelles,690,SC,SYC,Small_state
Seychelles,690,SC,SYC,East Africa
Benin,204,BJ,BEN,Africa
Benin,204,BJ,BEN,Sub-Saharan Africa
Benin,204,BJ,BEN,Western Africa
Benin,204,BJ,BEN,Least Developed Countries (LDC)
Benin,204,BJ,BEN,HIPC
Benin,204,BJ,BEN,Lower middle income
Benin,204,BJ,BEN,Transit countries
Benin,204,BJ,BEN,Western Africa
Somalia,706,SO,SOM,Africa
Somalia,706,SO,SOM,Sub-Saharan Africa
Somalia,706,SO,SOM,Eastern Africa
Somalia,706,SO,SOM,Least Developed Countries (LDC)
Somalia,706,SO,SOM,Arab states
Somalia,706,SO,SOM,Fragile and Conflict-Affected Situations 
Somalia,706,SO,SOM,HIPC
Somalia,706,SO,SOM,Low income
Somalia,706,SO,SOM,Transit countries
Somalia,706,SO,SOM,East Africa
Burkina Faso,854,BF,BFA,Africa
Burkina Faso,854,BF,BFA,Sub-Saharan Africa
Burkina Faso,854,BF,BFA,Western Africa
Burkina Faso,854,BF,BFA,Least Developed Countries (LDC)
Burkina Faso,854,BF,BFA,Land Locked Developing Countries (LLDC)
Burkina Faso,854,BF,BFA,Fragile and Conflict-Affected Situations 
Burkina Faso,854,BF,BFA,HIPC
Burkina Faso,854,BF,BFA,Low income
Burkina Faso,854,BF,BFA,Western Africa
South Sudan,728,SS,SSD,Africa
South Sudan,728,SS,SSD,Sub-Saharan Africa
South Sudan,728,SS,SSD,Eastern Africa
South Sudan,728,SS,SSD,Least Developed Countries (LDC)
South Sudan,728,SS,SSD,Land Locked Developing Countries (LLDC)
South Sudan,728,SS,SSD,Fragile and Conflict-Affected Situations 
South Sudan,728,SS,SSD,Low income
South Sudan,728,SS,SSD,East Africa
South Sudan,728,SS,SSD,Oil Exporting
Bangladesh,50,BD,BGD,Asia
Bangladesh,50,BD,BGD,Southern Asia
Bangladesh,50,BD,BGD,Least Developed Countries (LDC)
Bangladesh,50,BD,BGD,Lower middle income
Bangladesh,50,BD,BGD,Transit countries
Uganda,800,UG,UGA,Africa
Uganda,800,UG,UGA,Sub-Saharan Africa
Uganda,800,UG,UGA,Eastern Africa
Uganda,800,UG,UGA,Least Developed Countries (LDC)
Uganda,800,UG,UGA,Land Locked Developing Countries (LLDC)
Uganda,800,UG,UGA,HIPC
Uganda,800,UG,UGA,Low income
Uganda,800,UG,UGA,East Africa
United Kingdom of Great Britain and Northern Ireland,826,GB,GBR,Europe
United Kingdom of Great Britain and Northern Ireland,826,GB,GBR,Northern Europe
United Kingdom of Great Britain and Northern Ireland,826,GB,GBR,High income
United Kingdom of Great Britain and Northern Ireland,826,GB,GBR,OECD member
United Kingdom of Great Britain and Northern Ireland,826,GB,GBR,Oil Exporting
United Republic of Tanzania,834,TZ,TZA,Africa
United Republic of Tanzania,834,TZ,TZA,Sub-Saharan Africa
United Republic of Tanzania,834,TZ,TZA,Eastern Africa
United Republic of Tanzania,834,TZ,TZA,Least Developed Countries (LDC)
United Republic of Tanzania,834,TZ,TZA,HIPC
United Republic of Tanzania,834,TZ,TZA,Lower middle income
United Republic of Tanzania,834,TZ,TZA,Transit countries
United Republic of Tanzania,834,TZ,TZA,East Africa
Bulgaria,100,BG,BGR,Europe
Bulgaria,100,BG,BGR,Eastern Europe
Bulgaria,100,BG,BGR,Upper middle income
Zambia,894,ZM,ZMB,Africa
Zambia,894,ZM,ZMB,Sub-Saharan Africa
Zambia,894,ZM,ZMB,Eastern Africa
Zambia,894,ZM,ZMB,Least Developed Countries (LDC)
Zambia,894,ZM,ZMB,Land Locked Developing Countries (LLDC)
Zambia,894,ZM,ZMB,HIPC
Zambia,894,ZM,ZMB,Lower middle income
Zambia,894,ZM,ZMB,Southern Africa
Colombia,170,CO,COL,Americas
Colombia,170,CO,COL,Latin America and the Caribbean
Colombia,170,CO,COL,South America
Colombia,170,CO,COL,OECD member
Colombia,170,CO,COL,Upper middle income
Colombia,170,CO,COL,Oil Exporting
Zimbabwe,716,ZW,ZWE,Africa
Zimbabwe,716,ZW,ZWE,Sub-Saharan Africa
Zimbabwe,716,ZW,ZWE,Eastern Africa
Zimbabwe,716,ZW,ZWE,Land Locked Developing Countries (LLDC)
Zimbabwe,716,ZW,ZWE,Fragile and Conflict-Affected Situations 
Zimbabwe,716,ZW,ZWE,Lower middle income
Zimbabwe,716,ZW,ZWE,Southern Africa
Bahrain,48,BH,BHR,Asia
Bahrain,48,BH,BHR,Western Asia
Bahrain,48,BH,BHR,Arab states
Bahrain,48,BH,BHR,High income
Bahrain,48,BH,BHR,Small_state
Bahrain,48,BH,BHR,Oil Exporting
Bahamas,44,BS,BHS,Americas
Bahamas,44,BS,BHS,Latin America and the Caribbean
Bahamas,44,BS,BHS,Caribbean
Bahamas,44,BS,BHS,Small Island Developing States (SIDS)
Bahamas,44,BS,BHS,High income
Bahamas,44,BS,BHS,Small_state
Cameroon,120,CM,CMR,Africa
Cameroon,120,CM,CMR,Sub-Saharan Africa
Cameroon,120,CM,CMR,Middle Africa
Cameroon,120,CM,CMR,Fragile and Conflict-Affected Situations 
Cameroon,120,CM,CMR,HIPC
Cameroon,120,CM,CMR,Lower middle income
Cameroon,120,CM,CMR,Transit countries
Cameroon,120,CM,CMR,Central Africa
Cameroon,120,CM,CMR,Oil Exporting
Central African Republic,140,CF,CAF,Africa
Central African Republic,140,CF,CAF,Sub-Saharan Africa
Central African Republic,140,CF,CAF,Middle Africa
Central African Republic,140,CF,CAF,Least Developed Countries (LDC)
Central African Republic,140,CF,CAF,Land Locked Developing Countries (LLDC)
Central African Republic,140,CF,CAF,Fragile and Conflict-Affected Situations 
Central African Republic,140,CF,CAF,HIPC
Central African Republic,140,CF,CAF,Low income
Central African Republic,140,CF,CAF,Central Africa
Bosnia and Herzegovina,70,BA,BIH,Europe
Bosnia and Herzegovina,70,BA,BIH,Southern Europe
Bosnia and Herzegovina,70,BA,BIH,Upper middle income
Chad,148,TD,TCD,Africa
Chad,148,TD,TCD,Sub-Saharan Africa
Chad,148,TD,TCD,Middle Africa
Chad,148,TD,TCD,Least Developed Countries (LDC)
Chad,148,TD,TCD,Land Locked Developing Countries (LLDC)
Chad,148,TD,TCD,Fragile and Conflict-Affected Situations 
Chad,148,TD,TCD,HIPC
Chad,148,TD,TCD,Low income
Chad,148,TD,TCD,Central Africa
Chad,148,TD,TCD,Oil Exporting
Belarus,112,BY,BLR,Europe
Belarus,112,BY,BLR,Eastern Europe
Belarus,112,BY,BLR,Upper middle income
Congo,178,CG,COG,Africa
Congo,178,CG,COG,Sub-Saharan Africa
Congo,178,CG,COG,Middle Africa
Congo,178,CG,COG,Fragile and Conflict-Affected Situations 
Congo,178,CG,COG,HIPC
Congo,178,CG,COG,Lower middle income
Congo,178,CG,COG,Central Africa
Congo,178,CG,COG,Oil Exporting
Ecuador,218,EC,ECU,Americas
Ecuador,218,EC,ECU,Latin America and the Caribbean
Ecuador,218,EC,ECU,South America
Ecuador,218,EC,ECU,Upper middle income
Ecuador,218,EC,ECU,Oil Exporting
Democratic Republic of the Congo,180,CD,COD,Africa
Democratic Republic of the Congo,180,CD,COD,Sub-Saharan Africa
Democratic Republic of the Congo,180,CD,COD,Middle Africa
Democratic Republic of the Congo,180,CD,COD,Least Developed Countries (LDC)
Democratic Republic of the Congo,180,CD,COD,Fragile and Conflict-Affected Situations 
Democratic Republic of the Congo,180,CD,COD,HIPC
Democratic Republic of the Congo,180,CD,COD,Low income
Democratic Republic of the Congo,180,CD,COD,Transit countries
Democratic Republic of the Congo,180,CD,COD,Central Africa
Belize,84,BZ,BLZ,Americas
Belize,84,BZ,BLZ,Latin America and the Caribbean
Belize,84,BZ,BLZ,Central America
Belize,84,BZ,BLZ,Small Island Developing States (SIDS)
Belize,84,BZ,BLZ,Lower middle income
Belize,84,BZ,BLZ,Small_state
Belize,84,BZ,BLZ,Oil Exporting
Equatorial Guinea,226,GQ,GNQ,Africa
Equatorial Guinea,226,GQ,GNQ,Sub-Saharan Africa
Equatorial Guinea,226,GQ,GNQ,Middle Africa
Equatorial Guinea,226,GQ,GNQ,Small_state
Equatorial Guinea,226,GQ,GNQ,Upper middle income
Equatorial Guinea,226,GQ,GNQ,Central Africa
Equatorial Guinea,226,GQ,GNQ,Oil Exporting
Bermuda,60,BM,BMU,Americas
Bermuda,60,BM,BMU,Northern America
Bermuda,60,BM,BMU,High income
Gabon,266,GA,GAB,Africa
Gabon,266,GA,GAB,Sub-Saharan Africa
Gabon,266,GA,GAB,Middle Africa
Gabon,266,GA,GAB,Small_state
Gabon,266,GA,GAB,Upper middle income
Gabon,266,GA,GAB,Central Africa
Gabon,266,GA,GAB,Oil Exporting
Bolivia (Plurinational State of),68,BO,BOL,Americas
Bolivia (Plurinational State of),68,BO,BOL,Latin America and the Caribbean
Bolivia (Plurinational State of),68,BO,BOL,South America
Bolivia (Plurinational State of),68,BO,BOL,Land Locked Developing Countries (LLDC)
Bolivia (Plurinational State of),68,BO,BOL,HIPC
Bolivia (Plurinational State of),68,BO,BOL,Lower middle income
Bolivia (Plurinational State of),68,BO,BOL,Oil Exporting
Sao Tome and Principe,678,ST,STP,Africa
Sao Tome and Principe,678,ST,STP,Sub-Saharan Africa
Sao Tome and Principe,678,ST,STP,Middle Africa
Sao Tome and Principe,678,ST,STP,Least Developed Countries (LDC)
Sao Tome and Principe,678,ST,STP,Small Island Developing States (SIDS)
Sao Tome and Principe,678,ST,STP,HIPC
Sao Tome and Principe,678,ST,STP,Lower middle income
Sao Tome and Principe,678,ST,STP,Small_state
Sao Tome and Principe,678,ST,STP,Central Africa
Barbados,52,BB,BRB,Americas
Barbados,52,BB,BRB,Latin America and the Caribbean
Barbados,52,BB,BRB,Caribbean
Barbados,52,BB,BRB,Small Island Developing States (SIDS)
Barbados,52,BB,BRB,High income
Barbados,52,BB,BRB,Small_state
Barbados,52,BB,BRB,Oil Exporting
Botswana,72,BW,BWA,Africa
Botswana,72,BW,BWA,Sub-Saharan Africa
Botswana,72,BW,BWA,Southern Africa
Botswana,72,BW,BWA,Land Locked Developing Countries (LLDC)
Botswana,72,BW,BWA,Small_state
Botswana,72,BW,BWA,Upper middle income
Botswana,72,BW,BWA,Southern Africa
Eswatini,748,SZ,SWZ,Africa
Eswatini,748,SZ,SWZ,Sub-Saharan Africa
Eswatini,748,SZ,SWZ,Southern Africa
Eswatini,748,SZ,SWZ,Land Locked Developing Countries (LLDC)
Eswatini,748,SZ,SWZ,Lower middle income
Eswatini,748,SZ,SWZ,Small_state
Eswatini,748,SZ,SWZ,Southern Africa
Brunei Darussalam,96,BN,BRN,Asia
Brunei Darussalam,96,BN,BRN,South-eastern Asia
Brunei Darussalam,96,BN,BRN,High income
Brunei Darussalam,96,BN,BRN,Small_state
Brunei Darussalam,96,BN,BRN,Oil Exporting
Lesotho,426,LS,LSO,Africa
Lesotho,426,LS,LSO,Sub-Saharan Africa
Lesotho,426,LS,LSO,Southern Africa
Lesotho,426,LS,LSO,Least Developed Countries (LDC)
Lesotho,426,LS,LSO,Land Locked Developing Countries (LLDC)
Lesotho,426,LS,LSO,Lower middle income
Lesotho,426,LS,LSO,Small_state
Lesotho,426,LS,LSO,Southern Africa
Bhutan,64,BT,BTN,Asia
Bhutan,64,BT,BTN,Southern Asia
Bhutan,64,BT,BTN,Land Locked Developing Countries (LLDC)
Bhutan,64,BT,BTN,Lower middle income
Bhutan,64,BT,BTN,Small_state
Namibia,516,NA,NAM,Africa
Namibia,516,NA,NAM,Sub-Saharan Africa
Namibia,516,NA,NAM,Southern Africa
South Africa,710,ZA,ZAF,Africa
South Africa,710,ZA,ZAF,Sub-Saharan Africa
South Africa,710,ZA,ZAF,Southern Africa
South Africa,710,ZA,ZAF,Transit countries
South Africa,710,ZA,ZAF,Upper middle income
South Africa,710,ZA,ZAF,Southern Africa
Denmark,208,DK,DNK,Europe
Denmark,208,DK,DNK,Northern Europe
Denmark,208,DK,DNK,High income
Denmark,208,DK,DNK,OECD member
Denmark,208,DK,DNK,Oil Exporting
Cabo Verde,132,CV,CPV,Africa
Cabo Verde,132,CV,CPV,Sub-Saharan Africa
Cabo Verde,132,CV,CPV,Western Africa
Cabo Verde,132,CV,CPV,Small Island Developing States (SIDS)
Cabo Verde,132,CV,CPV,Lower middle income
Cabo Verde,132,CV,CPV,Small_state
Cabo Verde,132,CV,CPV,Western Africa
Switzerland,756,CH,CHE,Europe
Switzerland,756,CH,CHE,Western Europe
Switzerland,756,CH,CHE,High income
Switzerland,756,CH,CHE,OECD member
Côte d’Ivoire,384,CI,CIV,Africa
Côte d’Ivoire,384,CI,CIV,Sub-Saharan Africa
Côte d’Ivoire,384,CI,CIV,Western Africa
Côte d’Ivoire,384,CI,CIV,HIPC
Côte d’Ivoire,384,CI,CIV,Lower middle income
Côte d’Ivoire,384,CI,CIV,Transit countries
Côte d’Ivoire,384,CI,CIV,Western Africa
Côte d’Ivoire,384,CI,CIV,Oil Exporting
Chile,152,CL,CHL,Americas
Chile,152,CL,CHL,Latin America and the Caribbean
Chile,152,CL,CHL,South America
Chile,152,CL,CHL,High income
Chile,152,CL,CHL,OECD member
Chile,152,CL,CHL,Transit countries
Gambia,270,GM,GMB,Africa
Gambia,270,GM,GMB,Sub-Saharan Africa
Gambia,270,GM,GMB,Western Africa
Gambia,270,GM,GMB,Least Developed Countries (LDC)
Gambia,270,GM,GMB,HIPC
Gambia,270,GM,GMB,Low income
Gambia,270,GM,GMB,Small_state
Gambia,270,GM,GMB,Western Africa
China,156,CN,CHN,Asia
China,156,CN,CHN,Eastern Asia
China,156,CN,CHN,Transit countries
China,156,CN,CHN,Upper middle income
China,156,CN,CHN,Oil Exporting
Ghana,288,GH,GHA,Africa
Ghana,288,GH,GHA,Sub-Saharan Africa
Ghana,288,GH,GHA,Western Africa
Ghana,288,GH,GHA,HIPC
Ghana,288,GH,GHA,Lower middle income
Ghana,288,GH,GHA,Transit countries
Ghana,288,GH,GHA,Western Africa
Guinea,324,GN,GIN,Africa
Guinea,324,GN,GIN,Sub-Saharan Africa
Guinea,324,GN,GIN,Western Africa
Guinea,324,GN,GIN,Least Developed Countries (LDC)
Guinea,324,GN,GIN,HIPC
Guinea,324,GN,GIN,Low income
Guinea,324,GN,GIN,Transit countries
Guinea,324,GN,GIN,Western Africa
Guinea-Bissau,624,GW,GNB,Africa
Guinea-Bissau,624,GW,GNB,Sub-Saharan Africa
Guinea-Bissau,624,GW,GNB,Western Africa
Guinea-Bissau,624,GW,GNB,Least Developed Countries (LDC)
Guinea-Bissau,624,GW,GNB,Small Island Developing States (SIDS)
Guinea-Bissau,624,GW,GNB,Fragile and Conflict-Affected Situations 
Guinea-Bissau,624,GW,GNB,HIPC
Guinea-Bissau,624,GW,GNB,Low income
Guinea-Bissau,624,GW,GNB,Small_state
Guinea-Bissau,624,GW,GNB,Western Africa
Liberia,430,LR,LBR,Africa
Liberia,430,LR,LBR,Sub-Saharan Africa
Liberia,430,LR,LBR,Western Africa
Liberia,430,LR,LBR,Least Developed Countries (LDC)
Liberia,430,LR,LBR,HIPC
Liberia,430,LR,LBR,Low income
Liberia,430,LR,LBR,Western Africa
Mali,466,ML,MLI,Africa
Mali,466,ML,MLI,Sub-Saharan Africa
Mali,466,ML,MLI,Western Africa
Mali,466,ML,MLI,Least Developed Countries (LDC)
Mali,466,ML,MLI,Land Locked Developing Countries (LLDC)
Mali,466,ML,MLI,Fragile and Conflict-Affected Situations 
Mali,466,ML,MLI,HIPC
Mali,466,ML,MLI,Low income
Mali,466,ML,MLI,Western Africa
Mauritania,478,MR,MRT,Africa
Mauritania,478,MR,MRT,Sub-Saharan Africa
Mauritania,478,MR,MRT,Western Africa
Mauritania,478,MR,MRT,Least Developed Countries (LDC)
Mauritania,478,MR,MRT,Arab states
Mauritania,478,MR,MRT,HIPC
Mauritania,478,MR,MRT,Lower middle income
Mauritania,478,MR,MRT,Northern Africa
Mauritania,478,MR,MRT,Oil Exporting
Cuba,192,CU,CUB,Americas
Cuba,192,CU,CUB,Latin America and the Caribbean
Cuba,192,CU,CUB,Caribbean
Cuba,192,CU,CUB,Small Island Developing States (SIDS)
Cuba,192,CU,CUB,Upper middle income
Cuba,192,CU,CUB,Oil Exporting
Niger,562,NE,NER,Africa
Niger,562,NE,NER,Sub-Saharan Africa
Niger,562,NE,NER,Western Africa
Niger,562,NE,NER,Least Developed Countries (LDC)
Niger,562,NE,NER,Land Locked Developing Countries (LLDC)
Niger,562,NE,NER,Fragile and Conflict-Affected Situations 
Niger,562,NE,NER,HIPC
Niger,562,NE,NER,Low income
Niger,562,NE,NER,Western Africa
Nigeria,566,NG,NGA,Africa
Nigeria,566,NG,NGA,Sub-Saharan Africa
Nigeria,566,NG,NGA,Western Africa
Nigeria,566,NG,NGA,Fragile and Conflict-Affected Situations 
Nigeria,566,NG,NGA,Lower middle income
Nigeria,566,NG,NGA,Transit countries
Nigeria,566,NG,NGA,Western Africa
Nigeria,566,NG,NGA,Oil Exporting
Costa Rica,188,CR,CRI,Americas
Costa Rica,188,CR,CRI,Latin America and the Caribbean
Costa Rica,188,CR,CRI,Central America
Costa Rica,188,CR,CRI,OECD member
Costa Rica,188,CR,CRI,Upper middle income
Senegal,686,SN,SEN,Africa
Senegal,686,SN,SEN,Sub-Saharan Africa
Senegal,686,SN,SEN,Western Africa
Senegal,686,SN,SEN,Least Developed Countries (LDC)
Senegal,686,SN,SEN,HIPC
Senegal,686,SN,SEN,Lower middle income
Senegal,686,SN,SEN,Transit countries
Senegal,686,SN,SEN,Western Africa
Curaçao,531,CW,CUW,Americas
Curaçao,531,CW,CUW,Latin America and the Caribbean
Curaçao,531,CW,CUW,Caribbean
Curaçao,531,CW,CUW,Small Island Developing States (SIDS)
Curaçao,531,CW,CUW,High income
Sierra Leone,694,SL,SLE,Africa
Sierra Leone,694,SL,SLE,Sub-Saharan Africa
Sierra Leone,694,SL,SLE,Western Africa
Sierra Leone,694,SL,SLE,Least Developed Countries (LDC)
Sierra Leone,694,SL,SLE,HIPC
Sierra Leone,694,SL,SLE,Low income
Sierra Leone,694,SL,SLE,Western Africa
Cayman Islands,136,KY,CYM,Americas
Cayman Islands,136,KY,CYM,Latin America and the Caribbean
Cayman Islands,136,KY,CYM,Caribbean
Cayman Islands,136,KY,CYM,High income
Togo,768,TG,TGO,Africa
Togo,768,TG,TGO,Sub-Saharan Africa
Togo,768,TG,TGO,Western Africa
Togo,768,TG,TGO,Least Developed Countries (LDC)
Togo,768,TG,TGO,HIPC
Togo,768,TG,TGO,Low income
Togo,768,TG,TGO,Transit countries
Togo,768,TG,TGO,Western Africa
Cyprus,196,CY,CYP,Asia
Cyprus,196,CY,CYP,Western Asia
Cyprus,196,CY,CYP,High income
Cyprus,196,CY,CYP,Small_state
Anguilla,660,AI,AIA,Americas
Anguilla,660,AI,AIA,Latin America and the Caribbean
Anguilla,660,AI,AIA,Caribbean
Anguilla,660,AI,AIA,Small Island Developing States (SIDS)
Czechia,203,CZ,CZE,Europe
Czechia,203,CZ,CZE,Eastern Europe
Czechia,203,CZ,CZE,High income
Czechia,203,CZ,CZE,OECD member
Czechia,203,CZ,CZE,Oil Exporting
Germany,276,DE,DEU,Europe
Germany,276,DE,DEU,Western Europe
Germany,276,DE,DEU,High income
Germany,276,DE,DEU,OECD member
Germany,276,DE,DEU,Oil Exporting
Dominica,212,DM,DMA,Americas
Dominica,212,DM,DMA,Latin America and the Caribbean
Dominica,212,DM,DMA,Caribbean
Dominica,212,DM,DMA,Small Island Developing States (SIDS)
Dominica,212,DM,DMA,Small_state
Dominica,212,DM,DMA,Upper middle income
Dominican Republic,214,DO,DOM,Americas
Dominican Republic,214,DO,DOM,Latin America and the Caribbean
Dominican Republic,214,DO,DOM,Caribbean
Dominican Republic,214,DO,DOM,Small Island Developing States (SIDS)
Dominican Republic,214,DO,DOM,Upper middle income
"Bonaire, Sint Eustatius and Saba",535,BQ,BES,Americas
"Bonaire, Sint Eustatius and Saba",535,BQ,BES,Latin America and the Caribbean
"Bonaire, Sint Eustatius and Saba",535,BQ,BES,Caribbean
"Bonaire, Sint Eustatius and Saba",535,BQ,BES,Small Island Developing States (SIDS)
British Virgin Islands,92,VG,VGB,Americas
British Virgin Islands,92,VG,VGB,Latin America and the Caribbean
British Virgin Islands,92,VG,VGB,Caribbean
British Virgin Islands,92,VG,VGB,Small Island Developing States (SIDS)
British Virgin Islands,92,VG,VGB,High income
Spain,724,ES,ESP,Europe
Spain,724,ES,ESP,Southern Europe
Spain,724,ES,ESP,High income
Spain,724,ES,ESP,OECD member
Estonia,233,EE,EST,Europe
Estonia,233,EE,EST,Northern Europe
Estonia,233,EE,EST,High income
Estonia,233,EE,EST,OECD member
Estonia,233,EE,EST,Small_state
Estonia,233,EE,EST,Oil Exporting
Finland,246,FI,FIN,Europe
Finland,246,FI,FIN,Northern Europe
Finland,246,FI,FIN,High income
Finland,246,FI,FIN,OECD member
France,250,FR,FRA,Europe
France,250,FR,FRA,Western Europe
France,250,FR,FRA,High income
France,250,FR,FRA,OECD member
Grenada,308,GD,GRD,Americas
Grenada,308,GD,GRD,Latin America and the Caribbean
Grenada,308,GD,GRD,Caribbean
Grenada,308,GD,GRD,Small Island Developing States (SIDS)
Grenada,308,GD,GRD,Small_state
Grenada,308,GD,GRD,Upper middle income
Faroe Islands,234,FO,FRO,Europe
Faroe Islands,234,FO,FRO,Northern Europe
Faroe Islands,234,FO,FRO,High income
Guadeloupe,312,GP,GLP,Americas
Guadeloupe,312,GP,GLP,Latin America and the Caribbean
Guadeloupe,312,GP,GLP,Caribbean
Haiti,332,HT,HTI,Americas
Haiti,332,HT,HTI,Latin America and the Caribbean
Haiti,332,HT,HTI,Caribbean
Haiti,332,HT,HTI,Least Developed Countries (LDC)
Haiti,332,HT,HTI,Small Island Developing States (SIDS)
Haiti,332,HT,HTI,Fragile and Conflict-Affected Situations 
Haiti,332,HT,HTI,HIPC
Haiti,332,HT,HTI,Lower middle income
Georgia,268,GE,GEO,Asia
Georgia,268,GE,GEO,Western Asia
Georgia,268,GE,GEO,Upper middle income
Georgia,268,GE,GEO,Oil Exporting
Jamaica,388,JM,JAM,Americas
Jamaica,388,JM,JAM,Latin America and the Caribbean
Jamaica,388,JM,JAM,Caribbean
Jamaica,388,JM,JAM,Small Island Developing States (SIDS)
Jamaica,388,JM,JAM,Small_state
Jamaica,388,JM,JAM,Upper middle income
Martinique,474,MQ,MTQ,Americas
Martinique,474,MQ,MTQ,Latin America and the Caribbean
Martinique,474,MQ,MTQ,Caribbean
Gibraltar,292,GI,GIB,Europe
Gibraltar,292,GI,GIB,Southern Europe
Gibraltar,292,GI,GIB,High income
Montserrat,500,MS,MSR,Americas
Montserrat,500,MS,MSR,Latin America and the Caribbean
Montserrat,500,MS,MSR,Caribbean
Montserrat,500,MS,MSR,Small Island Developing States (SIDS)
Puerto Rico,630,PR,PRI,Americas
Puerto Rico,630,PR,PRI,Latin America and the Caribbean
Puerto Rico,630,PR,PRI,Caribbean
Puerto Rico,630,PR,PRI,Small Island Developing States (SIDS)
Puerto Rico,630,PR,PRI,High income
Saint Barthélemy,652,BL,BLM,Americas
Saint Barthélemy,652,BL,BLM,Latin America and the Caribbean
Saint Barthélemy,652,BL,BLM,Caribbean
Saint Kitts and Nevis,659,KN,KNA,Americas
Saint Kitts and Nevis,659,KN,KNA,Latin America and the Caribbean
Saint Kitts and Nevis,659,KN,KNA,Caribbean
Saint Kitts and Nevis,659,KN,KNA,Small Island Developing States (SIDS)
Saint Kitts and Nevis,659,KN,KNA,High income
Saint Kitts and Nevis,659,KN,KNA,Small_state
Saint Lucia,662,LC,LCA,Americas
Saint Lucia,662,LC,LCA,Latin America and the Caribbean
Saint Lucia,662,LC,LCA,Caribbean
Saint Lucia,662,LC,LCA,Small Island Developing States (SIDS)
Saint Lucia,662,LC,LCA,Small_state
Saint Lucia,662,LC,LCA,Upper middle income
Greece,300,GR,GRC,Europe
Greece,300,GR,GRC,Southern Europe
Greece,300,GR,GRC,High income
Greece,300,GR,GRC,OECD member
Greece,300,GR,GRC,Oil Exporting
Saint Martin (French Part),663,MF,MAF,Americas
Saint Martin (French Part),663,MF,MAF,Latin America and the Caribbean
Saint Martin (French Part),663,MF,MAF,Caribbean
Saint Martin (French Part),663,MF,MAF,High income
Saint Vincent and the Grenadines,670,VC,VCT,Americas
Saint Vincent and the Grenadines,670,VC,VCT,Latin America and the Caribbean
Saint Vincent and the Grenadines,670,VC,VCT,Caribbean
Saint Vincent and the Grenadines,670,VC,VCT,Small Island Developing States (SIDS)
Saint Vincent and the Grenadines,670,VC,VCT,Small_state
Saint Vincent and the Grenadines,670,VC,VCT,Upper middle income
Greenland,304,GL,GRL,Americas
Greenland,304,GL,GRL,Northern America
Greenland,304,GL,GRL,High income
Sint Maarten (Dutch part),534,SX,SXM,Americas
Sint Maarten (Dutch part),534,SX,SXM,Latin America and the Caribbean
Sint Maarten (Dutch part),534,SX,SXM,Caribbean
Sint Maarten (Dutch part),534,SX,SXM,Small Island Developing States (SIDS)
Sint Maarten (Dutch part),534,SX,SXM,High income
Guatemala,320,GT,GTM,Americas
Guatemala,320,GT,GTM,Latin America and the Caribbean
Guatemala,320,GT,GTM,Central America
Guatemala,320,GT,GTM,Upper middle income
Guatemala,320,GT,GTM,Oil Exporting
Trinidad and Tobago,780,TT,TTO,Americas
Trinidad and Tobago,780,TT,TTO,Latin America and the Caribbean
Trinidad and Tobago,780,TT,TTO,Caribbean
Trinidad and Tobago,780,TT,TTO,Small Island Developing States (SIDS)
Trinidad and Tobago,780,TT,TTO,High income
Trinidad and Tobago,780,TT,TTO,Small_state
Trinidad and Tobago,780,TT,TTO,Oil Exporting
Turks and Caicos Islands,796,TC,TCA,Americas
Turks and Caicos Islands,796,TC,TCA,Latin America and the Caribbean
Turks and Caicos Islands,796,TC,TCA,Caribbean
Turks and Caicos Islands,796,TC,TCA,High income
Guyana,328,GY,GUY,Americas
Guyana,328,GY,GUY,Latin America and the Caribbean
Guyana,328,GY,GUY,South America
Guyana,328,GY,GUY,Small Island Developing States (SIDS)
Guyana,328,GY,GUY,HIPC
Guyana,328,GY,GUY,Small_state
Guyana,328,GY,GUY,Upper middle income
United States Virgin Islands,850,VI,VIR,Americas
United States Virgin Islands,850,VI,VIR,Latin America and the Caribbean
United States Virgin Islands,850,VI,VIR,Caribbean
United States Virgin Islands,850,VI,VIR,Small Island Developing States (SIDS)
United States Virgin Islands,850,VI,VIR,High income
"China, Hong Kong Special Administrative Region",344,HK,HKG,Asia
"China, Hong Kong Special Administrative Region",344,HK,HKG,Eastern Asia
"China, Hong Kong Special Administrative Region",344,HK,HKG,High income
Honduras,340,HN,HND,Americas
Honduras,340,HN,HND,Latin America and the Caribbean
Honduras,340,HN,HND,Central America
Honduras,340,HN,HND,HIPC
Honduras,340,HN,HND,Lower middle income
Croatia,191,HR,HRV,Europe
Croatia,191,HR,HRV,Southern Europe
Croatia,191,HR,HRV,High income
El Salvador,222,SV,SLV,Americas
El Salvador,222,SV,SLV,Latin America and the Caribbean
El Salvador,222,SV,SLV,Central America
El Salvador,222,SV,SLV,Lower middle income
Hungary,348,HU,HUN,Europe
Hungary,348,HU,HUN,Eastern Europe
Hungary,348,HU,HUN,High income
Hungary,348,HU,HUN,OECD member
Indonesia,360,ID,IDN,Asia
Indonesia,360,ID,IDN,South-eastern Asia
Indonesia,360,ID,IDN,Lower middle income
Indonesia,360,ID,IDN,Oil Exporting
Mexico,484,MX,MEX,Americas
Mexico,484,MX,MEX,Latin America and the Caribbean
Mexico,484,MX,MEX,Central America
Mexico,484,MX,MEX,OECD member
Mexico,484,MX,MEX,Upper middle income
Mexico,484,MX,MEX,Oil Exporting
Isle of Man,833,IM,IMN,Europe
Isle of Man,833,IM,IMN,Northern Europe
Isle of Man,833,IM,IMN,High income
Nicaragua,558,NI,NIC,Americas
Nicaragua,558,NI,NIC,Latin America and the Caribbean
Nicaragua,558,NI,NIC,Central America
Nicaragua,558,NI,NIC,HIPC
Nicaragua,558,NI,NIC,Lower middle income
India,356,IN,IND,Asia
India,356,IN,IND,Southern Asia
India,356,IN,IND,Lower middle income
India,356,IN,IND,Transit countries
Panama,591,PA,PAN,Americas
Panama,591,PA,PAN,Latin America and the Caribbean
Panama,591,PA,PAN,Central America
Panama,591,PA,PAN,Upper middle income
Ireland,372,IE,IRL,Europe
Ireland,372,IE,IRL,Northern Europe
Ireland,372,IE,IRL,High income
Ireland,372,IE,IRL,OECD member
Ireland,372,IE,IRL,Oil Exporting
Iran (Islamic Republic of),364,IR,IRN,Asia
Iran (Islamic Republic of),364,IR,IRN,Southern Asia
Iran (Islamic Republic of),364,IR,IRN,Lower middle income
Iran (Islamic Republic of),364,IR,IRN,Transit countries
Iran (Islamic Republic of),364,IR,IRN,Oil Exporting
Iraq,368,IQ,IRQ,Asia
Iraq,368,IQ,IRQ,Western Asia
Iraq,368,IQ,IRQ,Arab states
Iraq,368,IQ,IRQ,Fragile and Conflict-Affected Situations 
Iraq,368,IQ,IRQ,Upper middle income
Iraq,368,IQ,IRQ,Oil Exporting
Bouvet Island,74,BV,BVT,Americas
Bouvet Island,74,BV,BVT,Latin America and the Caribbean
Bouvet Island,74,BV,BVT,South America
Iceland,352,IS,ISL,Europe
Iceland,352,IS,ISL,Northern Europe
Iceland,352,IS,ISL,High income
Iceland,352,IS,ISL,OECD member
Iceland,352,IS,ISL,Small_state
Israel,376,IL,ISR,Asia
Israel,376,IL,ISR,Western Asia
Israel,376,IL,ISR,High income
Israel,376,IL,ISR,OECD member
Italy,380,IT,ITA,Europe
Italy,380,IT,ITA,Southern Europe
Italy,380,IT,ITA,High income
Italy,380,IT,ITA,OECD member
Italy,380,IT,ITA,Oil Exporting
Jordan,400,JO,JOR,Asia
Jordan,400,JO,JOR,Western Asia
Jordan,400,JO,JOR,Arab states
Jordan,400,JO,JOR,Upper middle income
Falkland Islands (Malvinas),238,FK,FLK,Americas
Falkland Islands (Malvinas),238,FK,FLK,Latin America and the Caribbean
Falkland Islands (Malvinas),238,FK,FLK,South America
Japan,392,JP,JPN,Asia
Japan,392,JP,JPN,Eastern Asia
Japan,392,JP,JPN,High income
Japan,392,JP,JPN,OECD member
French Guiana,254,GF,GUF,Americas
French Guiana,254,GF,GUF,Latin America and the Caribbean
French Guiana,254,GF,GUF,South America
Kazakhstan,398,KZ,KAZ,Asia
Kazakhstan,398,KZ,KAZ,Central Asia
Kazakhstan,398,KZ,KAZ,Land Locked Developing Countries (LLDC)
Kazakhstan,398,KZ,KAZ,Upper middle income
Kazakhstan,398,KZ,KAZ,Oil Exporting
Paraguay,600,PY,PRY,Americas
Paraguay,600,PY,PRY,Latin America and the Caribbean
Paraguay,600,PY,PRY,South America
Paraguay,600,PY,PRY,Land Locked Developing Countries (LLDC)
Paraguay,600,PY,PRY,Upper middle income
Kyrgyzstan,417,KG,KGZ,Asia
Kyrgyzstan,417,KG,KGZ,Central Asia
Kyrgyzstan,417,KG,KGZ,Land Locked Developing Countries (LLDC)
Kyrgyzstan,417,KG,KGZ,Lower middle income
Peru,604,PE,PER,Americas
Peru,604,PE,PER,Latin America and the Caribbean
Peru,604,PE,PER,South America
Peru,604,PE,PER,Transit countries
Peru,604,PE,PER,Upper middle income
Peru,604,PE,PER,Oil Exporting
Cambodia,116,KH,KHM,Asia
Cambodia,116,KH,KHM,South-eastern Asia
Cambodia,116,KH,KHM,Least Developed Countries (LDC)
Cambodia,116,KH,KHM,Lower middle income
Cambodia,116,KH,KHM,Transit countries
South Georgia and the South Sandwich Islands,239,GS,SGS,Americas
South Georgia and the South Sandwich Islands,239,GS,SGS,Latin America and the Caribbean
South Georgia and the South Sandwich Islands,239,GS,SGS,South America
Suriname,740,SR,SUR,Americas
Suriname,740,SR,SUR,Latin America and the Caribbean
Suriname,740,SR,SUR,South America
Suriname,740,SR,SUR,Small Island Developing States (SIDS)
Suriname,740,SR,SUR,Small_state
Suriname,740,SR,SUR,Upper middle income
Suriname,740,SR,SUR,Oil Exporting
Uruguay,858,UY,URY,Americas
Uruguay,858,UY,URY,Latin America and the Caribbean
Uruguay,858,UY,URY,South America
Uruguay,858,UY,URY,High income
Uruguay,858,UY,URY,Transit countries
Republic of Korea,410,KR,KOR,Asia
Republic of Korea,410,KR,KOR,Eastern Asia
Republic of Korea,410,KR,KOR,High income
Republic of Korea,410,KR,KOR,OECD member
Venezuela (Bolivarian Republic of),862,VE,VEN,Americas
Venezuela (Bolivarian Republic of),862,VE,VEN,Latin America and the Caribbean
Venezuela (Bolivarian Republic of),862,VE,VEN,South America
Venezuela (Bolivarian Republic of),862,VE,VEN,Fragile and Conflict-Affected Situations 
Venezuela (Bolivarian Republic of),862,VE,VEN,Oil Exporting
Kuwait,414,KW,KWT,Asia
Kuwait,414,KW,KWT,Western Asia
Kuwait,414,KW,KWT,Arab states
Kuwait,414,KW,KWT,High income
Kuwait,414,KW,KWT,Oil Exporting
Lao People's Democratic Republic,418,LA,LAO,Asia
Lao People's Democratic Republic,418,LA,LAO,South-eastern Asia
Lao People's Democratic Republic,418,LA,LAO,Least Developed Countries (LDC)
Lao People's Democratic Republic,418,LA,LAO,Land Locked Developing Countries (LLDC)
Lao People's Democratic Republic,418,LA,LAO,Lower middle income
Lebanon,422,LB,LBN,Asia
Lebanon,422,LB,LBN,Western Asia
Lebanon,422,LB,LBN,Arab states
Lebanon,422,LB,LBN,Fragile and Conflict-Affected Situations 
Lebanon,422,LB,LBN,Upper middle income
Saint Pierre and Miquelon,666,PM,SPM,Americas
Saint Pierre and Miquelon,666,PM,SPM,Northern America
United States of America,840,US,USA,Americas
United States of America,840,US,USA,Northern America
United States of America,840,US,USA,High income
United States of America,840,US,USA,OECD member
United States of America,840,US,USA,Oil Exporting
Liechtenstein,438,LI,LIE,Europe
Liechtenstein,438,LI,LIE,Western Europe
Liechtenstein,438,LI,LIE,High income
Sri Lanka,144,LK,LKA,Asia
Sri Lanka,144,LK,LKA,Southern Asia
Sri Lanka,144,LK,LKA,Lower middle income
Tajikistan,762,TJ,TJK,Asia
Tajikistan,762,TJ,TJK,Central Asia
Tajikistan,762,TJ,TJK,Land Locked Developing Countries (LLDC)
Tajikistan,762,TJ,TJK,Lower middle income
Lithuania,440,LT,LTU,Europe
Lithuania,440,LT,LTU,Northern Europe
Lithuania,440,LT,LTU,High income
Lithuania,440,LT,LTU,OECD member
Lithuania,440,LT,LTU,Oil Exporting
Turkmenistan,795,TM,TKM,Asia
Turkmenistan,795,TM,TKM,Central Asia
Turkmenistan,795,TM,TKM,Land Locked Developing Countries (LLDC)
Turkmenistan,795,TM,TKM,Upper middle income
Turkmenistan,795,TM,TKM,Oil Exporting
Luxembourg,442,LU,LUX,Europe
Luxembourg,442,LU,LUX,Western Europe
Luxembourg,442,LU,LUX,High income
Luxembourg,442,LU,LUX,OECD member
Uzbekistan,860,UZ,UZB,Asia
Uzbekistan,860,UZ,UZB,Central Asia
Uzbekistan,860,UZ,UZB,Land Locked Developing Countries (LLDC)
Uzbekistan,860,UZ,UZB,Lower middle income
Latvia,428,LV,LVA,Europe
Latvia,428,LV,LVA,Northern Europe
Latvia,428,LV,LVA,High income
Latvia,428,LV,LVA,OECD member
"China, Macao Special Administrative Region",446,MO,MAC,Asia
"China, Macao Special Administrative Region",446,MO,MAC,Eastern Asia
"China, Macao Special Administrative Region",446,MO,MAC,High income
Democratic People's Republic of Korea,408,KP,PRK,Asia
Democratic People's Republic of Korea,408,KP,PRK,Eastern Asia
Democratic People's Republic of Korea,408,KP,PRK,Low income
Monaco,492,MC,MCO,Europe
Monaco,492,MC,MCO,Western Europe
Monaco,492,MC,MCO,High income
Republic of Moldova,498,MD,MDA,Europe
Republic of Moldova,498,MD,MDA,Eastern Europe
Republic of Moldova,498,MD,MDA,Land Locked Developing Countries (LLDC)
Republic of Moldova,498,MD,MDA,Upper middle income
Mongolia,496,MN,MNG,Asia
Mongolia,496,MN,MNG,Eastern Asia
Mongolia,496,MN,MNG,Land Locked Developing Countries (LLDC)
Mongolia,496,MN,MNG,Lower middle income
Mongolia,496,MN,MNG,Oil Exporting
Maldives,462,MV,MDV,Asia
Maldives,462,MV,MDV,Southern Asia
Maldives,462,MV,MDV,Small Island Developing States (SIDS)
Maldives,462,MV,MDV,Small_state
Maldives,462,MV,MDV,Upper middle income
North Macedonia,807,MK,MKD,Europe
North Macedonia,807,MK,MKD,Southern Europe
North Macedonia,807,MK,MKD,Land Locked Developing Countries (LLDC)
North Macedonia,807,MK,MKD,Upper middle income
Malaysia,458,MY,MYS,Asia
Malaysia,458,MY,MYS,South-eastern Asia
Malaysia,458,MY,MYS,Upper middle income
Malaysia,458,MY,MYS,Oil Exporting
Malta,470,MT,MLT,Europe
Malta,470,MT,MLT,Southern Europe
Malta,470,MT,MLT,High income
Malta,470,MT,MLT,Small_state
Myanmar,104,MM,MMR,Asia
Myanmar,104,MM,MMR,South-eastern Asia
Myanmar,104,MM,MMR,Least Developed Countries (LDC)
Myanmar,104,MM,MMR,Fragile and Conflict-Affected Situations 
Myanmar,104,MM,MMR,Lower middle income
Myanmar,104,MM,MMR,Transit countries
Philippines,608,PH,PHL,Asia
Philippines,608,PH,PHL,South-eastern Asia
Philippines,608,PH,PHL,Lower middle income
Philippines,608,PH,PHL,Oil Exporting
Montenegro,499,ME,MNE,Europe
Montenegro,499,ME,MNE,Southern Europe
Montenegro,499,ME,MNE,Small_state
Montenegro,499,ME,MNE,Upper middle income
Singapore,702,SG,SGP,Asia
Singapore,702,SG,SGP,South-eastern Asia
Singapore,702,SG,SGP,Small Island Developing States (SIDS)
Singapore,702,SG,SGP,High income
Thailand,764,TH,THA,Asia
Thailand,764,TH,THA,South-eastern Asia
Thailand,764,TH,THA,Transit countries
Thailand,764,TH,THA,Upper middle income
Thailand,764,TH,THA,Oil Exporting
Timor-Leste,626,TL,TLS,Asia
Timor-Leste,626,TL,TLS,South-eastern Asia
Timor-Leste,626,TL,TLS,Least Developed Countries (LDC)
Timor-Leste,626,TL,TLS,Small Island Developing States (SIDS)
Timor-Leste,626,TL,TLS,Fragile and Conflict-Affected Situations 
Timor-Leste,626,TL,TLS,Lower middle income
Timor-Leste,626,TL,TLS,Small_state
Timor-Leste,626,TL,TLS,Oil Exporting
Viet Nam,704,VN,VNM,Asia
Viet Nam,704,VN,VNM,South-eastern Asia
Viet Nam,704,VN,VNM,Lower middle income
Viet Nam,704,VN,VNM,Transit countries
Viet Nam,704,VN,VNM,Oil Exporting
Nepal,524,NP,NPL,Asia
Nepal,524,NP,NPL,Southern Asia
Nepal,524,NP,NPL,Least Developed Countries (LDC)
Nepal,524,NP,NPL,Land Locked Developing Countries (LLDC)
Nepal,524,NP,NPL,Lower middle income
Pakistan,586,PK,PAK,Asia
Pakistan,586,PK,PAK,Southern Asia
Pakistan,586,PK,PAK,Lower middle income
Pakistan,586,PK,PAK,Transit countries
Netherlands (Kingdom of the),528,NL,NLD,Europe
Netherlands (Kingdom of the),528,NL,NLD,Western Europe
Netherlands (Kingdom of the),528,NL,NLD,High income
Netherlands (Kingdom of the),528,NL,NLD,OECD member
Netherlands (Kingdom of the),528,NL,NLD,Oil Exporting
Norway,578,NO,NOR,Europe
Norway,578,NO,NOR,Northern Europe
Norway,578,NO,NOR,High income
Norway,578,NO,NOR,OECD member
Norway,578,NO,NOR,Oil Exporting
Oman,512,OM,OMN,Asia
Oman,512,OM,OMN,Western Asia
Oman,512,OM,OMN,Arab states
Oman,512,OM,OMN,High income
Oman,512,OM,OMN,Oil Exporting
Poland,616,PL,POL,Europe
Poland,616,PL,POL,Eastern Europe
Poland,616,PL,POL,High income
Poland,616,PL,POL,OECD member
Poland,616,PL,POL,Oil Exporting
Qatar,634,QA,QAT,Asia
Qatar,634,QA,QAT,Western Asia
Qatar,634,QA,QAT,Arab states
Qatar,634,QA,QAT,High income
Qatar,634,QA,QAT,Small_state
Qatar,634,QA,QAT,Oil Exporting
Saudi Arabia,682,SA,SAU,Asia
Saudi Arabia,682,SA,SAU,Western Asia
Saudi Arabia,682,SA,SAU,Arab states
Saudi Arabia,682,SA,SAU,High income
Saudi Arabia,682,SA,SAU,Oil Exporting
State of Palestine,275,PS,PSE,Asia
State of Palestine,275,PS,PSE,Western Asia
State of Palestine,275,PS,PSE,Arab states
State of Palestine,275,PS,PSE,Fragile and Conflict-Affected Situations 
State of Palestine,275,PS,PSE,Lower middle income
Portugal,620,PT,PRT,Europe
Portugal,620,PT,PRT,Southern Europe
Portugal,620,PT,PRT,High income
Portugal,620,PT,PRT,OECD member
Syrian Arab Republic,760,SY,SYR,Asia
Syrian Arab Republic,760,SY,SYR,Western Asia
Syrian Arab Republic,760,SY,SYR,Arab states
Syrian Arab Republic,760,SY,SYR,Fragile and Conflict-Affected Situations 
Syrian Arab Republic,760,SY,SYR,Low income
Syrian Arab Republic,760,SY,SYR,Oil Exporting
Türkiye,792,TR,TUR,Asia
Türkiye,792,TR,TUR,Western Asia
Türkiye,792,TR,TUR,OECD member
Türkiye,792,TR,TUR,Transit countries
Türkiye,792,TR,TUR,Upper middle income
Yemen,887,YE,YEM,Asia
Yemen,887,YE,YEM,Western Asia
Yemen,887,YE,YEM,Least Developed Countries (LDC)
Yemen,887,YE,YEM,Arab states
Yemen,887,YE,YEM,Fragile and Conflict-Affected Situations 
Yemen,887,YE,YEM,Low income
Yemen,887,YE,YEM,Oil Exporting
Romania,642,RO,ROU,Europe
Romania,642,RO,ROU,Eastern Europe
Romania,642,RO,ROU,Upper middle income
Russian Federation,643,RU,RUS,Europe
Russian Federation,643,RU,RUS,Eastern Europe
Russian Federation,643,RU,RUS,Upper middle income
Russian Federation,643,RU,RUS,Oil Exporting
Slovakia,703,SK,SVK,Europe
Slovakia,703,SK,SVK,Eastern Europe
Slovakia,703,SK,SVK,High income
Slovakia,703,SK,SVK,OECD member
Slovakia,703,SK,SVK,Oil Exporting
Ukraine,804,UA,UKR,Europe
Ukraine,804,UA,UKR,Eastern Europe
Ukraine,804,UA,UKR,Lower middle income
Åland Islands,248,AX,ALA,Europe
Åland Islands,248,AX,ALA,Northern Europe
San Marino,674,SM,SMR,Europe
San Marino,674,SM,SMR,Southern Europe
San Marino,674,SM,SMR,High income
San Marino,674,SM,SMR,Small_state
Serbia,688,RS,SRB,Europe
Serbia,688,RS,SRB,Southern Europe
Serbia,688,RS,SRB,Upper middle income
Guernsey,831,GG,GGY,Europe
Guernsey,831,GG,GGY,Northern Europe
Slovenia,705,SI,SVN,Europe
Slovenia,705,SI,SVN,Southern Europe
Slovenia,705,SI,SVN,High income
Slovenia,705,SI,SVN,OECD member
Sweden,752,SE,SWE,Europe
Sweden,752,SE,SWE,Northern Europe
Sweden,752,SE,SWE,High income
Sweden,752,SE,SWE,OECD member
Jersey,832,JE,JEY,Europe
Jersey,832,JE,JEY,Northern Europe
Svalbard and Jan Mayen Islands,744,SJ,SJM,Europe
Svalbard and Jan Mayen Islands,744,SJ,SJM,Northern Europe
Holy See,336,VA,VAT,Europe
Holy See,336,VA,VAT,Southern Europe
Christmas Island,162,CX,CXR,Oceania
Christmas Island,162,CX,CXR,Australia and New Zealand
Cocos (Keeling) Islands,166,CC,CCK,Oceania
Cocos (Keeling) Islands,166,CC,CCK,Australia and New Zealand
Heard Island and McDonald Islands,334,HM,HMD,Oceania
Heard Island and McDonald Islands,334,HM,HMD,Australia and New Zealand
New Zealand,554,NZ,NZL,Oceania
New Zealand,554,NZ,NZL,Australia and New Zealand
New Zealand,554,NZ,NZL,High income
New Zealand,554,NZ,NZL,OECD member
New Zealand,554,NZ,NZL,Oil Exporting
Norfolk Island,574,NF,NFK,Oceania
Norfolk Island,574,NF,NFK,Australia and New Zealand
Fiji,242,FJ,FJI,Oceania
Fiji,242,FJ,FJI,Melanesia
Fiji,242,FJ,FJI,Small Island Developing States (SIDS)
Fiji,242,FJ,FJI,Small_state
Fiji,242,FJ,FJI,Upper middle income
New Caledonia,540,NC,NCL,Oceania
New Caledonia,540,NC,NCL,Melanesia
New Caledonia,540,NC,NCL,Small Island Developing States (SIDS)
New Caledonia,540,NC,NCL,High income
Papua New Guinea,598,PG,PNG,Oceania
Papua New Guinea,598,PG,PNG,Melanesia
Papua New Guinea,598,PG,PNG,Small Island Developing States (SIDS)
Papua New Guinea,598,PG,PNG,Fragile and Conflict-Affected Situations 
Papua New Guinea,598,PG,PNG,Lower middle income
Papua New Guinea,598,PG,PNG,Oil Exporting
Solomon Islands,90,SB,SLB,Oceania
Solomon Islands,90,SB,SLB,Melanesia
Solomon Islands,90,SB,SLB,Least Developed Countries (LDC)
Solomon Islands,90,SB,SLB,Small Island Developing States (SIDS)
Solomon Islands,90,SB,SLB,Fragile and Conflict-Affected Situations 
Solomon Islands,90,SB,SLB,Lower middle income
Solomon Islands,90,SB,SLB,Small_state
Vanuatu,548,VU,VUT,Oceania
Vanuatu,548,VU,VUT,Melanesia
Vanuatu,548,VU,VUT,Small Island Developing States (SIDS)
Vanuatu,548,VU,VUT,Lower middle income
Vanuatu,548,VU,VUT,Small_state
Guam,316,GU,GUM,Oceania
Guam,316,GU,GUM,Micronesia
Guam,316,GU,GUM,Small Island Developing States (SIDS)
Guam,316,GU,GUM,High income
Kiribati,296,KI,KIR,Oceania
Kiribati,296,KI,KIR,Micronesia
Kiribati,296,KI,KIR,Least Developed Countries (LDC)
Kiribati,296,KI,KIR,Small Island Developing States (SIDS)
Kiribati,296,KI,KIR,Fragile and Conflict-Affected Situations 
Kiribati,296,KI,KIR,Lower middle income
Kiribati,296,KI,KIR,Small_state
Marshall Islands,584,MH,MHL,Oceania
Marshall Islands,584,MH,MHL,Micronesia
Marshall Islands,584,MH,MHL,Small Island Developing States (SIDS)
Marshall Islands,584,MH,MHL,Fragile and Conflict-Affected Situations 
Marshall Islands,584,MH,MHL,Small_state
Marshall Islands,584,MH,MHL,Upper middle income
Micronesia (Federated States of),583,FM,FSM,Oceania
Micronesia (Federated States of),583,FM,FSM,Micronesia
Micronesia (Federated States of),583,FM,FSM,Small Island Developing States (SIDS)
Micronesia (Federated States of),583,FM,FSM,Fragile and Conflict-Affected Situations 
Micronesia (Federated States of),583,FM,FSM,Lower middle income
Micronesia (Federated States of),583,FM,FSM,Small_state
Nauru,520,NR,NRU,Oceania
Nauru,520,NR,NRU,Micronesia
Nauru,520,NR,NRU,Small Island Developing States (SIDS)
Nauru,520,NR,NRU,High income
Nauru,520,NR,NRU,Small_state
Northern Mariana Islands,580,MP,MNP,Oceania
Northern Mariana Islands,580,MP,MNP,Micronesia
Northern Mariana Islands,580,MP,MNP,Small Island Developing States (SIDS)
Northern Mariana Islands,580,MP,MNP,High income
Palau,585,PW,PLW,Oceania
Palau,585,PW,PLW,Micronesia
Palau,585,PW,PLW,Small Island Developing States (SIDS)
Palau,585,PW,PLW,High income
Palau,585,PW,PLW,Small_state
United States Minor Outlying Islands,581,UM,UMI,Oceania
United States Minor Outlying Islands,581,UM,UMI,Micronesia
American Samoa,16,AS,ASM,Oceania
American Samoa,16,AS,ASM,Polynesia
American Samoa,16,AS,ASM,Small Island Developing States (SIDS)
American Samoa,16,AS,ASM,Upper middle income
Cook Islands,184,CK,COK,Oceania
Cook Islands,184,CK,COK,Polynesia
Cook Islands,184,CK,COK,Small Island Developing States (SIDS)
French Polynesia,258,PF,PYF,Oceania
French Polynesia,258,PF,PYF,Polynesia
French Polynesia,258,PF,PYF,Small Island Developing States (SIDS)
French Polynesia,258,PF,PYF,High income
Niue,570,NU,NIU,Oceania
Niue,570,NU,NIU,Polynesia
Niue,570,NU,NIU,Small Island Developing States (SIDS)
Pitcairn,612,PN,PCN,Oceania
Pitcairn,612,PN,PCN,Polynesia
Samoa,882,WS,WSM,Oceania
Samoa,882,WS,WSM,Polynesia
Samoa,882,WS,WSM,Small Island Developing States (SIDS)
Samoa,882,WS,WSM,Lower middle income
Samoa,882,WS,WSM,Small_state
Tokelau,772,TK,TKL,Oceania
Tokelau,772,TK,TKL,Polynesia
Tonga,776,TO,TON,Oceania
Tonga,776,TO,TON,Polynesia
Tonga,776,TO,TON,Small Island Developing States (SIDS)
Tonga,776,TO,TON,Small_state
Tonga,776,TO,TON,Upper middle income
Tuvalu,798,TV,TUV,Oceania
Tuvalu,798,TV,TUV,Polynesia
Tuvalu,798,TV,TUV,Least Developed Countries (LDC)
Tuvalu,798,TV,TUV,Small Island Developing States (SIDS)
Tuvalu,798,TV,TUV,Fragile and Conflict-Affected Situations 
Tuvalu,798,TV,TUV,Small_state
Tuvalu,798,TV,TUV,Upper middle income
Wallis and Futuna Islands,876,WF,WLF,Oceania
Wallis and Futuna Islands,876,WF,WLF,Polynesia
